workload,region_size,seed,phase_index,active_regions,retired_wavefronts,region_fetched_bytes,region_accessed_bytes,l2hr,util,m1a,m2a,m3a,m4a,m5a
fir,1024,42,0,0,0,0,0,,,,0.0,0.0,0.0,
fir,1024,42,1,1042,1024,1067008,524352,0.030074301214765894,0.49142274472168906,0.06348239307907884,75370.39554626205,0.030646598818135598,1.0,0.982725527831094
fir,1024,43,0,0,0,0,0,,,,0.0,0.0,0.0,
fir,1024,43,1,1042,1024,1067008,524352,0.030074301214765894,0.49142274472168906,0.06348239307907884,75370.39554626205,0.030646598818135598,1.0,0.982725527831094
fir,1024,44,0,0,0,0,0,,,,0.0,0.0,0.0,
fir,1024,44,1,1042,1024,1067008,524352,0.030074301214765894,0.49142274472168906,0.06348239307907884,75370.39554626205,0.030646598818135598,1.0,0.982725527831094
fir,16384,42,0,0,0,0,0,,,,0.0,0.0,0.0,
fir,16384,42,1,75,1024,1228800,524352,0.030074301214765894,0.42671875,0.004569270135250396,75370.39554626205,0.030646598818135598,1.0,13.653333333333334
fir,16384,43,0,0,0,0,0,,,,0.0,0.0,0.0,
fir,16384,43,1,75,1024,1228800,524352,0.030074301214765894,0.42671875,0.004569270135250396,75370.39554626205,0.030646598818135598,1.0,13.653333333333334
fir,16384,44,0,0,0,0,0,,,,0.0,0.0,0.0,
fir,16384,44,1,75,1024,1228800,524352,0.030074301214765894,0.42671875,0.004569270135250396,75370.39554626205,0.030646598818135598,1.0,13.653333333333334
fir,256,42,0,0,0,0,0,,,,0.0,0.0,0.0,
fir,256,42,1,4114,1024,1053184,524352,0.030074301214765894,0.49787311618862423,0.2506396978189351,75370.39554626205,0.030646598818135598,1.0,0.24890617403986387
fir,256,43,0,0,0,0,0,,,,0.0,0.0,0.0,
fir,256,43,1,4114,1024,1053184,524352,0.030074301214765894,0.49787311618862423,0.2506396978189351,75370.39554626205,0.030646598818135598,1.0,0.24890617403986387
fir,256,44,0,0,0,0,0,,,,0.0,0.0,0.0,
fir,256,44,1,4114,1024,1053184,524352,0.030074301214765894,0.49787311618862423,0.2506396978189351,75370.39554626205,0.030646598818135598,1.0,0.24890617403986387
fir,4096,42,0,0,0,0,0,,,,0.0,0.0,0.0,
fir,4096,42,1,274,1024,1122304,524352,0.030074301214765894,0.4672103102189781,0.01669306689411478,75370.39554626205,0.030646598818135598,1.0,3.7372262773722627
fir,4096,43,0,0,0,0,0,,,,0.0,0.0,0.0,
fir,4096,43,1,274,1024,1122304,524352,0.030074301214765894,0.4672103102189781,0.01669306689411478,75370.39554626205,0.030646598818135598,1.0,3.7372262773722627
fir,4096,44,0,0,0,0,0,,,,0.0,0.0,0.0,
fir,4096,44,1,274,1024,1122304,524352,0.030074301214765894,0.4672103102189781,0.01669306689411478,75370.39554626205,0.030646598818135598,1.0,3.7372262773722627
fir,64,42,0,0,0,0,0,,,,0.0,0.0,0.0,
fir,64,42,1,16414,1024,1050496,524352,0.030074301214765894,0.49914706957475324,1.0,75370.39554626205,0.030646598818135598,1.0,0.06238576824661874
fir,64,43,0,0,0,0,0,,,,0.0,0.0,0.0,
fir,64,43,1,16414,1024,1050496,524352,0.030074301214765894,0.49914706957475324,1.0,75370.39554626205,0.030646598818135598,1.0,0.06238576824661874
fir,64,44,0,0,0,0,0,,,,0.0,0.0,0.0,
fir,64,44,1,16414,1024,1050496,524352,0.030074301214765894,0.49914706957475324,1.0,75370.39554626205,0.030646598818135598,1.0,0.06238576824661874
matrixmultiplication,1024,42,0,32,0,32768,1280,0.4782608695652174,0.0390625,0.34782608695652173,88558.31499752014,0.09054045378778564,0.07476635514018691,0.0
matrixmultiplication,1024,42,1,428,0,438272,207872,0.4185728558658043,0.4742990654205608,0.06532356532356533,71489.94231918221,0.059190996325660904,0.5023474178403756,0.0
matrixmultiplication,1024,42,2,852,64,872448,417792,0.43723982565257846,0.4788732394366197,0.06523736600306279,67092.61362624055,0.03343393866593779,0.0,0.07511737089201878
matrixmultiplication,1024,42,3,0,0,0,0,,,,0.0,0.0,,
matrixmultiplication,1024,43,0,32,0,32768,1280,0.4782608695652174,0.0390625,0.34782608695652173,88558.31499752014,0.09054045378778564,0.07476635514018691,0.0
matrixmultiplication,1024,43,1,428,0,438272,207872,0.4185728558658043,0.4742990654205608,0.06532356532356533,71489.94231918221,0.059190996325660904,0.5023474178403756,0.0
matrixmultiplication,1024,43,2,852,64,872448,417792,0.43723982565257846,0.4788732394366197,0.06523736600306279,67092.61362624055,0.03343393866593779,0.0,0.07511737089201878
matrixmultiplication,1024,43,3,0,0,0,0,,,,0.0,0.0,,
matrixmultiplication,1024,44,0,32,0,32768,1280,0.4782608695652174,0.0390625,0.34782608695652173,88558.31499752014,0.09054045378778564,0.07476635514018691,0.0
matrixmultiplication,1024,44,1,428,0,438272,207872,0.4185728558658043,0.4742990654205608,0.06532356532356533,71489.94231918221,0.059190996325660904,0.5023474178403756,0.0
matrixmultiplication,1024,44,2,852,64,872448,417792,0.43723982565257846,0.4788732394366197,0.06523736600306279,67092.61362624055,0.03343393866593779,0.0,0.07511737089201878
matrixmultiplication,1024,44,3,0,0,0,0,,,,0.0,0.0,,
matrixmultiplication,16384,42,0,13,0,212992,1280,0.4782608695652174,0.006009615384615385,0.14130434782608695,88558.31499752014,0.09054045378778564,0.3611111111111111,0.0
matrixmultiplication,16384,42,1,36,0,589824,207872,0.4185728558658043,0.3524305555555556,0.005494505494505495,71489.94231918221,0.059190996325660904,0.5901639344262295,0.0
matrixmultiplication,16384,42,2,61,64,999424,417792,0.43723982565257846,0.4180327868852459,0.004670750382848392,67092.61362624055,0.03343393866593779,0.0,1.0491803278688525
matrixmultiplication,16384,42,3,0,0,0,0,,,,0.0,0.0,,
matrixmultiplication,16384,43,0,13,0,212992,1280,0.4782608695652174,0.006009615384615385,0.14130434782608695,88558.31499752014,0.09054045378778564,0.3611111111111111,0.0
matrixmultiplication,16384,43,1,36,0,589824,207872,0.4185728558658043,0.3524305555555556,0.005494505494505495,71489.94231918221,0.059190996325660904,0.5901639344262295,0.0
matrixmultiplication,16384,43,2,61,64,999424,417792,0.43723982565257846,0.4180327868852459,0.004670750382848392,67092.61362624055,0.03343393866593779,0.0,1.0491803278688525
matrixmultiplication,16384,43,3,0,0,0,0,,,,0.0,0.0,,
matrixmultiplication,16384,44,0,13,0,212992,1280,0.4782608695652174,0.006009615384615385,0.14130434782608695,88558.31499752014,0.09054045378778564,0.3611111111111111,0.0
matrixmultiplication,16384,44,1,36,0,589824,207872,0.4185728558658043,0.3524305555555556,0.005494505494505495,71489.94231918221,0.059190996325660904,0.5901639344262295,0.0
matrixmultiplication,16384,44,2,61,64,999424,417792,0.43723982565257846,0.4180327868852459,0.004670750382848392,67092.61362624055,0.03343393866593779,0.0,1.0491803278688525
matrixmultiplication,16384,44,3,0,0,0,0,,,,0.0,0.0,,
matrixmultiplication,256,42,0,40,0,10240,1280,0.4782608695652174,0.125,0.43478260869565216,88558.31499752014,0.09054045378778564,0.024271844660194174,0.0
matrixmultiplication,256,42,1,1648,0,421888,207872,0.4185728558658043,0.49271844660194175,0.2515262515262515,71489.94231918221,0.059190996325660904,0.5042839657282742,0.0
matrixmultiplication,256,42,2,3268,64,836608,417792,0.43723982565257846,0.49938800489596086,0.25022970903522207,67092.61362624055,0.03343393866593779,0.0,0.019583843329253364
matrixmultiplication,256,42,3,0,0,0,0,,,,0.0,0.0,,
matrixmultiplication,256,43,0,40,0,10240,1280,0.4782608695652174,0.125,0.43478260869565216,88558.31499752014,0.09054045378778564,0.024271844660194174,0.0
matrixmultiplication,256,43,1,1648,0,421888,207872,0.4185728558658043,0.49271844660194175,0.2515262515262515,71489.94231918221,0.059190996325660904,0.5042839657282742,0.0
matrixmultiplication,256,43,2,3268,64,836608,417792,0.43723982565257846,0.49938800489596086,0.25022970903522207,67092.61362624055,0.03343393866593779,0.0,0.019583843329253364
matrixmultiplication,256,43,3,0,0,0,0,,,,0.0,0.0,,
matrixmultiplication,256,44,0,40,0,10240,1280,0.4782608695652174,0.125,0.43478260869565216,88558.31499752014,0.09054045378778564,0.024271844660194174,0.0
matrixmultiplication,256,44,1,1648,0,421888,207872,0.4185728558658043,0.49271844660194175,0.2515262515262515,71489.94231918221,0.059190996325660904,0.5042839657282742,0.0
matrixmultiplication,256,44,2,3268,64,836608,417792,0.43723982565257846,0.49938800489596086,0.25022970903522207,67092.61362624055,0.03343393866593779,0.0,0.019583843329253364
matrixmultiplication,256,44,3,0,0,0,0,,,,0.0,0.0,,
matrixmultiplication,4096,42,0,28,0,114688,1280,0.4782608695652174,0.011160714285714286,0.30434782608695654,88558.31499752014,0.09054045378778564,0.2545454545454545,0.0
matrixmultiplication,4096,42,1,110,0,450560,207872,0.4185728558658043,0.46136363636363636,0.016788766788766788,71489.94231918221,0.059190996325660904,0.5092592592592593,0.0
matrixmultiplication,4096,42,2,216,64,884736,417792,0.43723982565257846,0.4722222222222222,0.01653905053598775,67092.61362624055,0.03343393866593779,0.0,0.2962962962962963
matrixmultiplication,4096,42,3,0,0,0,0,,,,0.0,0.0,,
matrixmultiplication,4096,43,0,28,0,114688,1280,0.4782608695652174,0.011160714285714286,0.30434782608695654,88558.31499752014,0.09054045378778564,0.2545454545454545,0.0
matrixmultiplication,4096,43,1,110,0,450560,207872,0.4185728558658043,0.46136363636363636,0.016788766788766788,71489.94231918221,0.059190996325660904,0.5092592592592593,0.0
matrixmultiplication,4096,43,2,216,64,884736,417792,0.43723982565257846,0.4722222222222222,0.01653905053598775,67092.61362624055,0.03343393866593779,0.0,0.2962962962962963
matrixmultiplication,4096,43,3,0,0,0,0,,,,0.0,0.0,,
matrixmultiplication,4096,44,0,28,0,114688,1280,0.4782608695652174,0.011160714285714286,0.30434782608695654,88558.31499752014,0.09054045378778564,0.2545454545454545,0.0
matrixmultiplication,4096,44,1,110,0,450560,207872,0.4185728558658043,0.46136363636363636,0.016788766788766788,71489.94231918221,0.059190996325660904,0.5092592592592593,0.0
matrixmultiplication,4096,44,2,216,64,884736,417792,0.43723982565257846,0.4722222222222222,0.01653905053598775,67092.61362624055,0.03343393866593779,0.0,0.2962962962962963
matrixmultiplication,4096,44,3,0,0,0,0,,,,0.0,0.0,,
matrixmultiplication,64,42,0,92,0,5888,1280,0.4782608695652174,0.21739130434782608,1.0,88558.31499752014,0.09054045378778564,0.014041514041514042,0.0
matrixmultiplication,64,42,1,6552,0,419328,207872,0.4185728558658043,0.49572649572649574,1.0,71489.94231918221,0.059190996325660904,0.5016845329249617,0.0
matrixmultiplication,64,42,2,13060,64,835840,417792,0.43723982565257846,0.4998468606431853,1.0,67092.61362624055,0.03343393866593779,0.0,0.004900459418070444
matrixmultiplication,64,42,3,0,0,0,0,,,,0.0,0.0,,
matrixmultiplication,64,43,0,92,0,5888,1280,0.4782608695652174,0.21739130434782608,1.0,88558.31499752014,0.09054045378778564,0.014041514041514042,0.0
matrixmultiplication,64,43,1,6552,0,419328,207872,0.4185728558658043,0.49572649572649574,1.0,71489.94231918221,0.059190996325660904,0.5016845329249617,0.0
matrixmultiplication,64,43,2,13060,64,835840,417792,0.43723982565257846,0.4998468606431853,1.0,67092.61362624055,0.03343393866593779,0.0,0.004900459418070444
matrixmultiplication,64,43,3,0,0,0,0,,,,0.0,0.0,,
matrixmultiplication,64,44,0,92,0,5888,1280,0.4782608695652174,0.21739130434782608,1.0,88558.31499752014,0.09054045378778564,0.014041514041514042,0.0
matrixmultiplication,64,44,1,6552,0,419328,207872,0.4185728558658043,0.49572649572649574,1.0,71489.94231918221,0.059190996325660904,0.5016845329249617,0.0
matrixmultiplication,64,44,2,13060,64,835840,417792,0.43723982565257846,0.4998468606431853,1.0,67092.61362624055,0.03343393866593779,0.0,0.004900459418070444
matrixmultiplication,64,44,3,0,0,0,0,,,,0.0,0.0,,
matrixtranspose,1024,42,0,0,0,0,0,,,,0.0,0.0,0.0,
matrixtranspose,1024,42,1,4108,256,4206592,2097152,0.0,0.498539435248296,0.06262958897426515,54056.14432421163,0.0062431889103103655,1.0,0.062317429406037
matrixtranspose,1024,43,0,0,0,0,0,,,,0.0,0.0,0.0,
matrixtranspose,1024,43,1,4108,256,4206592,2097152,0.0,0.498539435248296,0.06262958897426515,54056.14432421163,0.0062431889103103655,1.0,0.062317429406037
matrixtranspose,1024,44,0,0,0,0,0,,,,0.0,0.0,0.0,
matrixtranspose,1024,44,1,4108,256,4206592,2097152,0.0,0.498539435248296,0.06262958897426515,54056.14432421163,0.0062431889103103655,1.0,0.062317429406037
matrixtranspose,16384,42,0,0,0,0,0,,,,0.0,0.0,0.0,
matrixtranspose,16384,42,1,264,256,4325376,2097152,0.0,0.48484848484848486,0.00402488108305891,54056.14432421163,0.0062431889103103655,1.0,0.9696969696969697
matrixtranspose,16384,43,0,0,0,0,0,,,,0.0,0.0,0.0,
matrixtranspose,16384,43,1,264,256,4325376,2097152,0.0,0.48484848484848486,0.00402488108305891,54056.14432421163,0.0062431889103103655,1.0,0.9696969696969697
matrixtranspose,16384,44,0,0,0,0,0,,,,0.0,0.0,0.0,
matrixtranspose,16384,44,1,264,256,4325376,2097152,0.0,0.48484848484848486,0.00402488108305891,54056.14432421163,0.0062431889103103655,1.0,0.9696969696969697
matrixtranspose,256,42,0,0,0,0,0,,,,0.0,0.0,0.0,
matrixtranspose,256,42,1,16404,256,4199424,2097152,0.0,0.4993903925871739,0.2500914745700695,54056.14432421163,0.0062431889103103655,1.0,0.015605949768349184
matrixtranspose,256,43,0,0,0,0,0,,,,0.0,0.0,0.0,
matrixtranspose,256,43,1,16404,256,4199424,2097152,0.0,0.4993903925871739,0.2500914745700695,54056.14432421163,0.0062431889103103655,1.0,0.015605949768349184
matrixtranspose,256,44,0,0,0,0,0,,,,0.0,0.0,0.0,
matrixtranspose,256,44,1,16404,256,4199424,2097152,0.0,0.4993903925871739,0.2500914745700695,54056.14432421163,0.0062431889103103655,1.0,0.015605949768349184
matrixtranspose,4096,42,0,0,0,0,0,,,,0.0,0.0,0.0,
matrixtranspose,4096,42,1,1036,256,4243456,2097152,0.0,0.4942084942084942,0.01579460909867057,54056.14432421163,0.0062431889103103655,1.0,0.2471042471042471
matrixtranspose,4096,43,0,0,0,0,0,,,,0.0,0.0,0.0,
matrixtranspose,4096,43,1,1036,256,4243456,2097152,0.0,0.4942084942084942,0.01579460909867057,54056.14432421163,0.0062431889103103655,1.0,0.2471042471042471
matrixtranspose,4096,44,0,0,0,0,0,,,,0.0,0.0,0.0,
matrixtranspose,4096,44,1,1036,256,4243456,2097152,0.0,0.4942084942084942,0.01579460909867057,54056.14432421163,0.0062431889103103655,1.0,0.2471042471042471
matrixtranspose,64,42,0,0,0,0,0,,,,0.0,0.0,0.0,
matrixtranspose,64,42,1,65592,256,4197888,2097152,0.0,0.4995731186730089,1.0,54056.14432421163,0.0062431889103103655,1.0,0.003902914989632882
matrixtranspose,64,43,0,0,0,0,0,,,,0.0,0.0,0.0,
matrixtranspose,64,43,1,65592,256,4197888,2097152,0.0,0.4995731186730089,1.0,54056.14432421163,0.0062431889103103655,1.0,0.003902914989632882
matrixtranspose,64,44,0,0,0,0,0,,,,0.0,0.0,0.0,
matrixtranspose,64,44,1,65592,256,4197888,2097152,0.0,0.4995731186730089,1.0,54056.14432421163,0.0062431889103103655,1.0,0.003902914989632882
pagerank,1024,42,0,0,0,0,0,,,,0.0,0.0,0.0,
pagerank,1024,42,1,98,2048,100352,45120,0.9306799962274828,0.44961734693877553,0.06805555555555555,23650.853413777695,0.07951181822161035,0.9489795918367347,20.897959183673468
pagerank,1024,42,2,93,1024,95232,45120,0.995942656207736,0.4737903225806452,0.07187017001545595,32478.269116441537,0.10343350833791148,1.0,11.010752688172044
pagerank,1024,43,0,0,0,0,0,,,,0.0,0.0,0.0,
pagerank,1024,43,1,98,2048,100352,45120,0.9342458400429415,0.44961734693877553,0.06805555555555555,23650.853413777695,0.07951181822161035,0.9489795918367347,20.897959183673468
pagerank,1024,43,2,93,1024,95232,45120,0.996408905913335,0.4737903225806452,0.0683321087435709,31523.505185813334,0.09633026925552715,1.0,11.010752688172044
pagerank,1024,44,0,0,0,0,0,,,,0.0,0.0,0.0,
pagerank,1024,44,1,98,2048,100352,45120,0.9300133307941344,0.44961734693877553,0.06805555555555555,23650.853413777695,0.07951181822161035,0.9489795918367347,20.897959183673468
pagerank,1024,44,2,93,1024,95232,45120,0.995731360273193,0.4737903225806452,0.07481898632341111,33069.12885456767,0.10893327087893209,1.0,11.010752688172044
pagerank,16384,42,0,0,0,0,0,,,,0.0,0.0,0.0,
pagerank,16384,42,1,9,2048,147456,45120,0.9306799962274828,0.3059895833333333,0.00625,23650.853413777695,0.07951181822161035,0.9,227.55555555555554
pagerank,16384,42,2,10,1024,163840,45120,0.995942656207736,0.275390625,0.0077279752704791345,32478.269116441537,0.10343350833791148,1.0,102.4
pagerank,16384,43,0,0,0,0,0,,,,0.0,0.0,0.0,
pagerank,16384,43,1,9,2048,147456,45120,0.9342458400429415,0.3059895833333333,0.00625,23650.853413777695,0.07951181822161035,0.9,227.55555555555554
pagerank,16384,43,2,10,1024,163840,45120,0.996408905913335,0.275390625,0.0073475385745775165,31523.505185813334,0.09633026925552715,1.0,102.4
pagerank,16384,44,0,0,0,0,0,,,,0.0,0.0,0.0,
pagerank,16384,44,1,9,2048,147456,45120,0.9300133307941344,0.3059895833333333,0.00625,23650.853413777695,0.07951181822161035,0.9,227.55555555555554
pagerank,16384,44,2,10,1024,163840,45120,0.995731360273193,0.275390625,0.008045052292839904,33069.12885456767,0.10893327087893209,1.0,102.4
pagerank,256,42,0,0,0,0,0,,,,0.0,0.0,0.0,
pagerank,256,42,1,366,2048,93696,45120,0.9306799962274828,0.48155737704918034,0.25416666666666665,23650.853413777695,0.07951181822161035,0.9672131147540983,5.595628415300546
pagerank,256,42,2,354,1024,90624,45120,0.995942656207736,0.4978813559322034,0.2735703245749614,32478.269116441537,0.10343350833791148,1.0,2.8926553672316384
pagerank,256,43,0,0,0,0,0,,,,0.0,0.0,0.0,
pagerank,256,43,1,366,2048,93696,45120,0.9342458400429415,0.48155737704918034,0.25416666666666665,23650.853413777695,0.07951181822161035,0.9808743169398907,5.595628415300546
pagerank,256,43,2,359,1024,91904,45120,0.996408905913335,0.4909470752089137,0.2637766348273328,31523.505185813334,0.09633026925552715,1.0,2.852367688022284
pagerank,256,44,0,0,0,0,0,,,,0.0,0.0,0.0,
pagerank,256,44,1,366,2048,93696,45120,0.9300133307941344,0.48155737704918034,0.25416666666666665,23650.853413777695,0.07951181822161035,0.9726775956284153,5.595628415300546
pagerank,256,44,2,356,1024,91136,45120,0.995731360273193,0.49508426966292135,0.28640386162510056,33069.12885456767,0.10893327087893209,1.0,2.8764044943820224
pagerank,4096,42,0,0,0,0,0,,,,0.0,0.0,0.0,
pagerank,4096,42,1,30,2048,122880,45120,0.9306799962274828,0.3671875,0.020833333333333332,23650.853413777695,0.07951181822161035,0.8666666666666667,68.26666666666667
pagerank,4096,42,2,26,1024,106496,45120,0.995942656207736,0.42367788461538464,0.02009273570324575,32478.269116441537,0.10343350833791148,1.0,39.38461538461539
pagerank,4096,43,0,0,0,0,0,,,,0.0,0.0,0.0,
pagerank,4096,43,1,30,2048,122880,45120,0.9342458400429415,0.3671875,0.020833333333333332,23650.853413777695,0.07951181822161035,0.8666666666666667,68.26666666666667
pagerank,4096,43,2,26,1024,106496,45120,0.996408905913335,0.42367788461538464,0.019103600293901544,31523.505185813334,0.09633026925552715,1.0,39.38461538461539
pagerank,4096,44,0,0,0,0,0,,,,0.0,0.0,0.0,
pagerank,4096,44,1,30,2048,122880,45120,0.9300133307941344,0.3671875,0.020833333333333332,23650.853413777695,0.07951181822161035,0.8666666666666667,68.26666666666667
pagerank,4096,44,2,26,1024,106496,45120,0.995731360273193,0.42367788461538464,0.02091713596138375,33069.12885456767,0.10893327087893209,1.0,39.38461538461539
pagerank,64,42,0,0,0,0,0,,,,0.0,0.0,0.0,
pagerank,64,42,1,1440,2048,92160,45120,0.9306799962274828,0.4895833333333333,1.0,23650.853413777695,0.07951181822161035,0.8986111111111111,1.4222222222222223
pagerank,64,42,2,1294,1024,82816,45120,0.995942656207736,0.544822256568779,1.0,32478.269116441537,0.10343350833791148,1.0,0.7913446676970634
pagerank,64,43,0,0,0,0,0,,,,0.0,0.0,0.0,
pagerank,64,43,1,1440,2048,92160,45120,0.9342458400429415,0.4895833333333333,1.0,23650.853413777695,0.07951181822161035,0.9451388888888889,1.4222222222222223
pagerank,64,43,2,1361,1024,87104,45120,0.996408905913335,0.5180014695077149,1.0,31523.505185813334,0.09633026925552715,1.0,0.7523879500367376
pagerank,64,44,0,0,0,0,0,,,,0.0,0.0,0.0,
pagerank,64,44,1,1440,2048,92160,45120,0.9300133307941344,0.4895833333333333,1.0,23650.853413777695,0.07951181822161035,0.8631944444444445,1.4222222222222223
pagerank,64,44,2,1243,1024,79552,45120,0.995731360273193,0.5671761866452132,1.0,33069.12885456767,0.10893327087893209,1.0,0.8238133547868061
simpleconvolution,1024,42,0,0,0,0,0,,,,0.0,0.0,,
simpleconvolution,1024,42,1,0,0,0,0,,,,0.0,0.0,0.0,
simpleconvolution,1024,42,2,4130,4132,4229120,2105408,0.6286342347119124,0.4978359564164649,0.06272973055074577,49213.26182239906,0.005690737556708061,1.0,1.0004842615012106
simpleconvolution,1024,43,0,0,0,0,0,,,,0.0,0.0,,
simpleconvolution,1024,43,1,0,0,0,0,,,,0.0,0.0,0.0,
simpleconvolution,1024,43,2,4130,4132,4229120,2105408,0.6286342347119124,0.4978359564164649,0.06272973055074577,49213.26182239906,0.005690737556708061,1.0,1.0004842615012106
simpleconvolution,1024,44,0,0,0,0,0,,,,0.0,0.0,,
simpleconvolution,1024,44,1,0,0,0,0,,,,0.0,0.0,0.0,
simpleconvolution,1024,44,2,4130,4132,4229120,2105408,0.6286342347119124,0.4978359564164649,0.06272973055074577,49213.26182239906,0.005690737556708061,1.0,1.0004842615012106
simpleconvolution,16384,42,0,0,0,0,0,,,,0.0,0.0,,
simpleconvolution,16384,42,1,0,0,0,0,,,,0.0,0.0,0.0,
simpleconvolution,16384,42,2,264,4132,4325376,2105408,0.6286342347119124,0.4867572206439394,0.004009842340289802,49213.26182239906,0.005690737556708061,1.0,15.651515151515152
simpleconvolution,16384,43,0,0,0,0,0,,,,0.0,0.0,,
simpleconvolution,16384,43,1,0,0,0,0,,,,0.0,0.0,0.0,
simpleconvolution,16384,43,2,264,4132,4325376,2105408,0.6286342347119124,0.4867572206439394,0.004009842340289802,49213.26182239906,0.005690737556708061,1.0,15.651515151515152
simpleconvolution,16384,44,0,0,0,0,0,,,,0.0,0.0,,
simpleconvolution,16384,44,1,0,0,0,0,,,,0.0,0.0,0.0,
simpleconvolution,16384,44,2,264,4132,4325376,2105408,0.6286342347119124,0.4867572206439394,0.004009842340289802,49213.26182239906,0.005690737556708061,1.0,15.651515151515152
simpleconvolution,256,42,0,0,0,0,0,,,,0.0,0.0,,
simpleconvolution,256,42,1,0,0,0,0,,,,0.0,0.0,0.0,
simpleconvolution,256,42,2,16470,4132,4216320,2105408,0.6286342347119124,0.49934729811778994,0.250159482365807,49213.26182239906,0.005690737556708061,1.0,0.2508803885853066
simpleconvolution,256,43,0,0,0,0,0,,,,0.0,0.0,,
simpleconvolution,256,43,1,0,0,0,0,,,,0.0,0.0,0.0,
simpleconvolution,256,43,2,16470,4132,4216320,2105408,0.6286342347119124,0.49934729811778994,0.250159482365807,49213.26182239906,0.005690737556708061,1.0,0.2508803885853066
simpleconvolution,256,44,0,0,0,0,0,,,,0.0,0.0,,
simpleconvolution,256,44,1,0,0,0,0,,,,0.0,0.0,0.0,
simpleconvolution,256,44,2,16470,4132,4216320,2105408,0.6286342347119124,0.49934729811778994,0.250159482365807,49213.26182239906,0.005690737556708061,1.0,0.2508803885853066
simpleconvolution,4096,42,0,0,0,0,0,,,,0.0,0.0,,
simpleconvolution,4096,42,1,0,0,0,0,,,,0.0,0.0,0.0,
simpleconvolution,4096,42,2,1046,4132,4284416,2105408,0.6286342347119124,0.4914107313575526,0.01588748139372399,49213.26182239906,0.005690737556708061,1.0,3.950286806883365
simpleconvolution,4096,43,0,0,0,0,0,,,,0.0,0.0,,
simpleconvolution,4096,43,1,0,0,0,0,,,,0.0,0.0,0.0,
simpleconvolution,4096,43,2,1046,4132,4284416,2105408,0.6286342347119124,0.4914107313575526,0.01588748139372399,49213.26182239906,0.005690737556708061,1.0,3.950286806883365
simpleconvolution,4096,44,0,0,0,0,0,,,,0.0,0.0,,
simpleconvolution,4096,44,1,0,0,0,0,,,,0.0,0.0,0.0,
simpleconvolution,4096,44,2,1046,4132,4284416,2105408,0.6286342347119124,0.4914107313575526,0.01588748139372399,49213.26182239906,0.005690737556708061,1.0,3.950286806883365
simpleconvolution,64,42,0,0,0,0,0,,,,0.0,0.0,,
simpleconvolution,64,42,1,0,0,0,0,,,,0.0,0.0,0.0,
simpleconvolution,64,42,2,65838,4132,4213632,2105408,0.6286342347119124,0.4996658464716425,1.0,49213.26182239906,0.005690737556708061,1.0,0.06276010814423282
simpleconvolution,64,43,0,0,0,0,0,,,,0.0,0.0,,
simpleconvolution,64,43,1,0,0,0,0,,,,0.0,0.0,0.0,
simpleconvolution,64,43,2,65838,4132,4213632,2105408,0.6286342347119124,0.4996658464716425,1.0,49213.26182239906,0.005690737556708061,1.0,0.06276010814423282
simpleconvolution,64,44,0,0,0,0,0,,,,0.0,0.0,,
simpleconvolution,64,44,1,0,0,0,0,,,,0.0,0.0,0.0,
simpleconvolution,64,44,2,65838,4132,4213632,2105408,0.6286342347119124,0.4996658464716425,1.0,49213.26182239906,0.005690737556708061,1.0,0.06276010814423282
stencil2d,1024,42,0,0,0,0,0,,,,0.0,0.0,0.0,
stencil2d,1024,42,1,4106,248,4204544,2034752,0.22847666085609142,0.48394118363370675,0.06450599343314534,69900.94532121868,0.008229203665635936,0.0,0.06039941548952752
stencil2d,1024,42,2,0,0,0,0,,,,0.0,0.0,,
stencil2d,1024,43,0,0,0,0,0,,,,0.0,0.0,0.0,
stencil2d,1024,43,1,4106,248,4204544,2034752,0.22847666085609142,0.48394118363370675,0.06450599343314534,69900.94532121868,0.008229203665635936,0.0,0.06039941548952752
stencil2d,1024,43,2,0,0,0,0,,,,0.0,0.0,,
stencil2d,1024,44,0,0,0,0,0,,,,0.0,0.0,0.0,
stencil2d,1024,44,1,4106,248,4204544,2034752,0.22847666085609142,0.48394118363370675,0.06450599343314534,69900.94532121868,0.008229203665635936,0.0,0.06039941548952752
stencil2d,1024,44,2,0,0,0,0,,,,0.0,0.0,,
stencil2d,16384,42,0,0,0,0,0,,,,0.0,0.0,0.0,
stencil2d,16384,42,1,260,248,4259840,2034752,0.22847666085609142,0.47765925480769234,0.00408464644243005,69900.94532121868,0.008229203665635936,0.0,0.9538461538461539
stencil2d,16384,42,2,0,0,0,0,,,,0.0,0.0,,
stencil2d,16384,43,0,0,0,0,0,,,,0.0,0.0,0.0,
stencil2d,16384,43,1,260,248,4259840,2034752,0.22847666085609142,0.47765925480769234,0.00408464644243005,69900.94532121868,0.008229203665635936,0.0,0.9538461538461539
stencil2d,16384,43,2,0,0,0,0,,,,0.0,0.0,,
stencil2d,16384,44,0,0,0,0,0,,,,0.0,0.0,0.0,
stencil2d,16384,44,1,260,248,4259840,2034752,0.22847666085609142,0.47765925480769234,0.00408464644243005,69900.94532121868,0.008229203665635936,0.0,0.9538461538461539
stencil2d,16384,44,2,0,0,0,0,,,,0.0,0.0,,
stencil2d,256,42,0,0,0,0,0,,,,0.0,0.0,0.0,
stencil2d,256,42,1,16412,248,4201472,2034752,0.22847666085609142,0.484295028028272,0.25783545158908455,69900.94532121868,0.008229203665635936,0.0,0.015110894467462832
stencil2d,256,42,2,0,0,0,0,,,,0.0,0.0,,
stencil2d,256,43,0,0,0,0,0,,,,0.0,0.0,0.0,
stencil2d,256,43,1,16412,248,4201472,2034752,0.22847666085609142,0.484295028028272,0.25783545158908455,69900.94532121868,0.008229203665635936,0.0,0.015110894467462832
stencil2d,256,43,2,0,0,0,0,,,,0.0,0.0,,
stencil2d,256,44,0,0,0,0,0,,,,0.0,0.0,0.0,
stencil2d,256,44,1,16412,248,4201472,2034752,0.22847666085609142,0.484295028028272,0.25783545158908455,69900.94532121868,0.008229203665635936,0.0,0.015110894467462832
stencil2d,256,44,2,0,0,0,0,,,,0.0,0.0,,
stencil2d,4096,42,0,0,0,0,0,,,,0.0,0.0,0.0,
stencil2d,4096,42,1,1030,248,4218880,2034752,0.22847666085609142,0.4822967233009709,0.016181483983472893,69900.94532121868,0.008229203665635936,0.0,0.2407766990291262
stencil2d,4096,42,2,0,0,0,0,,,,0.0,0.0,,
stencil2d,4096,43,0,0,0,0,0,,,,0.0,0.0,0.0,
stencil2d,4096,43,1,1030,248,4218880,2034752,0.22847666085609142,0.4822967233009709,0.016181483983472893,69900.94532121868,0.008229203665635936,0.0,0.2407766990291262
stencil2d,4096,43,2,0,0,0,0,,,,0.0,0.0,,
stencil2d,4096,44,0,0,0,0,0,,,,0.0,0.0,0.0,
stencil2d,4096,44,1,1030,248,4218880,2034752,0.22847666085609142,0.4822967233009709,0.016181483983472893,69900.94532121868,0.008229203665635936,0.0,0.2407766990291262
stencil2d,4096,44,2,0,0,0,0,,,,0.0,0.0,,
stencil2d,64,42,0,0,0,0,0,,,,0.0,0.0,0.0,
stencil2d,64,42,1,63653,248,4073792,2034752,0.22847666085609142,0.4994737090160715,1.0,69900.94532121868,0.008229203665635936,0.0,0.0038961242989332787
stencil2d,64,42,2,0,0,0,0,,,,0.0,0.0,,
stencil2d,64,43,0,0,0,0,0,,,,0.0,0.0,0.0,
stencil2d,64,43,1,63653,248,4073792,2034752,0.22847666085609142,0.4994737090160715,1.0,69900.94532121868,0.008229203665635936,0.0,0.0038961242989332787
stencil2d,64,43,2,0,0,0,0,,,,0.0,0.0,,
stencil2d,64,44,0,0,0,0,0,,,,0.0,0.0,0.0,
stencil2d,64,44,1,63653,248,4073792,2034752,0.22847666085609142,0.4994737090160715,1.0,69900.94532121868,0.008229203665635936,0.0,0.0038961242989332787
stencil2d,64,44,2,0,0,0,0,,,,0.0,0.0,,
