workload,region_size,seed,phase_index,l2hr,util,scr,l2_hits,l2_misses,region_fetched_bytes,region_accessed_bytes,active_regions,sharer_consistent_regions
fir,1024,42,0,,,,0,0,0,0,0,0
fir,1024,42,1,0.030074301214765894,0.49142274472168906,1.0,255,8224,1067008,524352,1042,1042
fir,1024,43,0,,,,0,0,0,0,0,0
fir,1024,43,1,0.030074301214765894,0.49142274472168906,1.0,255,8224,1067008,524352,1042,1042
fir,1024,44,0,,,,0,0,0,0,0,0
fir,1024,44,1,0.030074301214765894,0.49142274472168906,1.0,255,8224,1067008,524352,1042,1042
fir,16384,42,0,,,,0,0,0,0,0,0
fir,16384,42,1,0.030074301214765894,0.42671875,1.0,255,8224,1228800,524352,75,75
fir,16384,43,0,,,,0,0,0,0,0,0
fir,16384,43,1,0.030074301214765894,0.42671875,1.0,255,8224,1228800,524352,75,75
fir,16384,44,0,,,,0,0,0,0,0,0
fir,16384,44,1,0.030074301214765894,0.42671875,1.0,255,8224,1228800,524352,75,75
fir,256,42,0,,,,0,0,0,0,0,0
fir,256,42,1,0.030074301214765894,0.49787311618862423,1.0,255,8224,1053184,524352,4114,4114
fir,256,43,0,,,,0,0,0,0,0,0
fir,256,43,1,0.030074301214765894,0.49787311618862423,1.0,255,8224,1053184,524352,4114,4114
fir,256,44,0,,,,0,0,0,0,0,0
fir,256,44,1,0.030074301214765894,0.49787311618862423,1.0,255,8224,1053184,524352,4114,4114
fir,4096,42,0,,,,0,0,0,0,0,0
fir,4096,42,1,0.030074301214765894,0.4672103102189781,1.0,255,8224,1122304,524352,274,274
fir,4096,43,0,,,,0,0,0,0,0,0
fir,4096,43,1,0.030074301214765894,0.4672103102189781,1.0,255,8224,1122304,524352,274,274
fir,4096,44,0,,,,0,0,0,0,0,0
fir,4096,44,1,0.030074301214765894,0.4672103102189781,1.0,255,8224,1122304,524352,274,274
fir,64,42,0,,,,0,0,0,0,0,0
fir,64,42,1,0.030074301214765894,0.49914706957475324,1.0,255,8224,1050496,524352,16414,16414
fir,64,43,0,,,,0,0,0,0,0,0
fir,64,43,1,0.030074301214765894,0.49914706957475324,1.0,255,8224,1050496,524352,16414,16414
fir,64,44,0,,,,0,0,0,0,0,0
fir,64,44,1,0.030074301214765894,0.49914706957475324,1.0,255,8224,1050496,524352,16414,16414
matrixmultiplication,1024,42,0,0.4782608695652174,0.0390625,1.0,88,96,32768,1280,32,32
matrixmultiplication,1024,42,1,0.4185728558658043,0.4742990654205608,1.0,7960,11057,438272,207872,428,428
matrixmultiplication,1024,42,2,0.43723982565257846,0.4788732394366197,1.0,8928,11491,872448,417792,852,852
matrixmultiplication,1024,42,3,,,,0,0,0,0,0,0
matrixmultiplication,1024,43,0,0.4782608695652174,0.0390625,1.0,88,96,32768,1280,32,32
matrixmultiplication,1024,43,1,0.4185728558658043,0.4742990654205608,1.0,7960,11057,438272,207872,428,428
matrixmultiplication,1024,43,2,0.43723982565257846,0.4788732394366197,1.0,8928,11491,872448,417792,852,852
matrixmultiplication,1024,43,3,,,,0,0,0,0,0,0
matrixmultiplication,1024,44,0,0.4782608695652174,0.0390625,1.0,88,96,32768,1280,32,32
matrixmultiplication,1024,44,1,0.4185728558658043,0.4742990654205608,1.0,7960,11057,438272,207872,428,428
matrixmultiplication,1024,44,2,0.43723982565257846,0.4788732394366197,1.0,8928,11491,872448,417792,852,852
matrixmultiplication,1024,44,3,,,,0,0,0,0,0,0
matrixmultiplication,16384,42,0,0.4782608695652174,0.006009615384615385,1.0,88,96,212992,1280,13,13
matrixmultiplication,16384,42,1,0.4185728558658043,0.3524305555555556,1.0,7960,11057,589824,207872,36,36
matrixmultiplication,16384,42,2,0.43723982565257846,0.4180327868852459,1.0,8928,11491,999424,417792,61,61
matrixmultiplication,16384,42,3,,,,0,0,0,0,0,0
matrixmultiplication,16384,43,0,0.4782608695652174,0.006009615384615385,1.0,88,96,212992,1280,13,13
matrixmultiplication,16384,43,1,0.4185728558658043,0.3524305555555556,1.0,7960,11057,589824,207872,36,36
matrixmultiplication,16384,43,2,0.43723982565257846,0.4180327868852459,1.0,8928,11491,999424,417792,61,61
matrixmultiplication,16384,43,3,,,,0,0,0,0,0,0
matrixmultiplication,16384,44,0,0.4782608695652174,0.006009615384615385,1.0,88,96,212992,1280,13,13
matrixmultiplication,16384,44,1,0.4185728558658043,0.3524305555555556,1.0,7960,11057,589824,207872,36,36
matrixmultiplication,16384,44,2,0.43723982565257846,0.4180327868852459,1.0,8928,11491,999424,417792,61,61
matrixmultiplication,16384,44,3,,,,0,0,0,0,0,0
matrixmultiplication,256,42,0,0.4782608695652174,0.125,1.0,88,96,10240,1280,40,40
matrixmultiplication,256,42,1,0.4185728558658043,0.49271844660194175,1.0,7960,11057,421888,207872,1648,1648
matrixmultiplication,256,42,2,0.43723982565257846,0.49938800489596086,1.0,8928,11491,836608,417792,3268,3268
matrixmultiplication,256,42,3,,,,0,0,0,0,0,0
matrixmultiplication,256,43,0,0.4782608695652174,0.125,1.0,88,96,10240,1280,40,40
matrixmultiplication,256,43,1,0.4185728558658043,0.49271844660194175,1.0,7960,11057,421888,207872,1648,1648
matrixmultiplication,256,43,2,0.43723982565257846,0.49938800489596086,1.0,8928,11491,836608,417792,3268,3268
matrixmultiplication,256,43,3,,,,0,0,0,0,0,0
matrixmultiplication,256,44,0,0.4782608695652174,0.125,1.0,88,96,10240,1280,40,40
matrixmultiplication,256,44,1,0.4185728558658043,0.49271844660194175,1.0,7960,11057,421888,207872,1648,1648
matrixmultiplication,256,44,2,0.43723982565257846,0.49938800489596086,1.0,8928,11491,836608,417792,3268,3268
matrixmultiplication,256,44,3,,,,0,0,0,0,0,0
matrixmultiplication,4096,42,0,0.4782608695652174,0.011160714285714286,1.0,88,96,114688,1280,28,28
matrixmultiplication,4096,42,1,0.4185728558658043,0.46136363636363636,1.0,7960,11057,450560,207872,110,110
matrixmultiplication,4096,42,2,0.43723982565257846,0.4722222222222222,1.0,8928,11491,884736,417792,216,216
matrixmultiplication,4096,42,3,,,,0,0,0,0,0,0
matrixmultiplication,4096,43,0,0.4782608695652174,0.011160714285714286,1.0,88,96,114688,1280,28,28
matrixmultiplication,4096,43,1,0.4185728558658043,0.46136363636363636,1.0,7960,11057,450560,207872,110,110
matrixmultiplication,4096,43,2,0.43723982565257846,0.4722222222222222,1.0,8928,11491,884736,417792,216,216
matrixmultiplication,4096,43,3,,,,0,0,0,0,0,0
matrixmultiplication,4096,44,0,0.4782608695652174,0.011160714285714286,1.0,88,96,114688,1280,28,28
matrixmultiplication,4096,44,1,0.4185728558658043,0.46136363636363636,1.0,7960,11057,450560,207872,110,110
matrixmultiplication,4096,44,2,0.43723982565257846,0.4722222222222222,1.0,8928,11491,884736,417792,216,216
matrixmultiplication,4096,44,3,,,,0,0,0,0,0,0
matrixmultiplication,64,42,0,0.4782608695652174,0.21739130434782608,1.0,88,96,5888,1280,92,92
matrixmultiplication,64,42,1,0.4185728558658043,0.49572649572649574,1.0,7960,11057,419328,207872,6552,6552
matrixmultiplication,64,42,2,0.43723982565257846,0.4998468606431853,1.0,8928,11491,835840,417792,13060,13060
matrixmultiplication,64,42,3,,,,0,0,0,0,0,0
matrixmultiplication,64,43,0,0.4782608695652174,0.21739130434782608,1.0,88,96,5888,1280,92,92
matrixmultiplication,64,43,1,0.4185728558658043,0.49572649572649574,1.0,7960,11057,419328,207872,6552,6552
matrixmultiplication,64,43,2,0.43723982565257846,0.4998468606431853,1.0,8928,11491,835840,417792,13060,13060
matrixmultiplication,64,43,3,,,,0,0,0,0,0,0
matrixmultiplication,64,44,0,0.4782608695652174,0.21739130434782608,1.0,88,96,5888,1280,92,92
matrixmultiplication,64,44,1,0.4185728558658043,0.49572649572649574,1.0,7960,11057,419328,207872,6552,6552
matrixmultiplication,64,44,2,0.43723982565257846,0.4998468606431853,1.0,8928,11491,835840,417792,13060,13060
matrixmultiplication,64,44,3,,,,0,0,0,0,0,0
matrixtranspose,1024,42,0,,,,0,0,0,0,0,0
matrixtranspose,1024,42,1,0.0,0.498539435248296,1.0,0,45154,4206592,2097152,4108,4108
matrixtranspose,1024,43,0,,,,0,0,0,0,0,0
matrixtranspose,1024,43,1,0.0,0.498539435248296,1.0,0,45154,4206592,2097152,4108,4108
matrixtranspose,1024,44,0,,,,0,0,0,0,0,0
matrixtranspose,1024,44,1,0.0,0.498539435248296,1.0,0,45154,4206592,2097152,4108,4108
matrixtranspose,16384,42,0,,,,0,0,0,0,0,0
matrixtranspose,16384,42,1,0.0,0.48484848484848486,1.0,0,45154,4325376,2097152,264,264
matrixtranspose,16384,43,0,,,,0,0,0,0,0,0
matrixtranspose,16384,43,1,0.0,0.48484848484848486,1.0,0,45154,4325376,2097152,264,264
matrixtranspose,16384,44,0,,,,0,0,0,0,0,0
matrixtranspose,16384,44,1,0.0,0.48484848484848486,1.0,0,45154,4325376,2097152,264,264
matrixtranspose,256,42,0,,,,0,0,0,0,0,0
matrixtranspose,256,42,1,0.0,0.4993903925871739,1.0,0,45154,4199424,2097152,16404,16404
matrixtranspose,256,43,0,,,,0,0,0,0,0,0
matrixtranspose,256,43,1,0.0,0.4993903925871739,1.0,0,45154,4199424,2097152,16404,16404
matrixtranspose,256,44,0,,,,0,0,0,0,0,0
matrixtranspose,256,44,1,0.0,0.4993903925871739,1.0,0,45154,4199424,2097152,16404,16404
matrixtranspose,4096,42,0,,,,0,0,0,0,0,0
matrixtranspose,4096,42,1,0.0,0.4942084942084942,1.0,0,45154,4243456,2097152,1036,1036
matrixtranspose,4096,43,0,,,,0,0,0,0,0,0
matrixtranspose,4096,43,1,0.0,0.4942084942084942,1.0,0,45154,4243456,2097152,1036,1036
matrixtranspose,4096,44,0,,,,0,0,0,0,0,0
matrixtranspose,4096,44,1,0.0,0.4942084942084942,1.0,0,45154,4243456,2097152,1036,1036
matrixtranspose,64,42,0,,,,0,0,0,0,0,0
matrixtranspose,64,42,1,0.0,0.4995731186730089,1.0,0,45154,4197888,2097152,65592,65592
matrixtranspose,64,43,0,,,,0,0,0,0,0,0
matrixtranspose,64,43,1,0.0,0.4995731186730089,1.0,0,45154,4197888,2097152,65592,65592
matrixtranspose,64,44,0,,,,0,0,0,0,0,0
matrixtranspose,64,44,1,0.0,0.4995731186730089,1.0,0,45154,4197888,2097152,65592,65592
pagerank,1024,42,0,,,,0,0,0,0,0,0
pagerank,1024,42,1,0.9306799962274828,0.44961734693877553,1.0,9868,735,100352,45120,98,98
pagerank,1024,42,2,0.995942656207736,0.4737903225806452,1.0,3682,15,95232,45120,93,93
pagerank,1024,43,0,,,,0,0,0,0,0,0
pagerank,1024,43,1,0.9342458400429415,0.44961734693877553,1.0,10443,735,100352,45120,98,98
pagerank,1024,43,2,0.996408905913335,0.4737903225806452,1.0,4162,15,95232,45120,93,93
pagerank,1024,44,0,,,,0,0,0,0,0,0
pagerank,1024,44,1,0.9300133307941344,0.44961734693877553,1.0,9767,735,100352,45120,98,98
pagerank,1024,44,2,0.995731360273193,0.4737903225806452,1.0,3499,15,95232,45120,93,93
pagerank,16384,42,0,,,,0,0,0,0,0,0
pagerank,16384,42,1,0.9306799962274828,0.3059895833333333,1.0,9868,735,147456,45120,9,9
pagerank,16384,42,2,0.995942656207736,0.275390625,1.0,3682,15,163840,45120,10,10
pagerank,16384,43,0,,,,0,0,0,0,0,0
pagerank,16384,43,1,0.9342458400429415,0.3059895833333333,1.0,10443,735,147456,45120,9,9
pagerank,16384,43,2,0.996408905913335,0.275390625,1.0,4162,15,163840,45120,10,10
pagerank,16384,44,0,,,,0,0,0,0,0,0
pagerank,16384,44,1,0.9300133307941344,0.3059895833333333,1.0,9767,735,147456,45120,9,9
pagerank,16384,44,2,0.995731360273193,0.275390625,1.0,3499,15,163840,45120,10,10
pagerank,256,42,0,,,,0,0,0,0,0,0
pagerank,256,42,1,0.9306799962274828,0.48155737704918034,1.0,9868,735,93696,45120,366,366
pagerank,256,42,2,0.995942656207736,0.4978813559322034,1.0,3682,15,90624,45120,354,354
pagerank,256,43,0,,,,0,0,0,0,0,0
pagerank,256,43,1,0.9342458400429415,0.48155737704918034,1.0,10443,735,93696,45120,366,366
pagerank,256,43,2,0.996408905913335,0.4909470752089137,1.0,4162,15,91904,45120,359,359
pagerank,256,44,0,,,,0,0,0,0,0,0
pagerank,256,44,1,0.9300133307941344,0.48155737704918034,1.0,9767,735,93696,45120,366,366
pagerank,256,44,2,0.995731360273193,0.49508426966292135,1.0,3499,15,91136,45120,356,356
pagerank,4096,42,0,,,,0,0,0,0,0,0
pagerank,4096,42,1,0.9306799962274828,0.3671875,1.0,9868,735,122880,45120,30,30
pagerank,4096,42,2,0.995942656207736,0.42367788461538464,1.0,3682,15,106496,45120,26,26
pagerank,4096,43,0,,,,0,0,0,0,0,0
pagerank,4096,43,1,0.9342458400429415,0.3671875,1.0,10443,735,122880,45120,30,30
pagerank,4096,43,2,0.996408905913335,0.42367788461538464,1.0,4162,15,106496,45120,26,26
pagerank,4096,44,0,,,,0,0,0,0,0,0
pagerank,4096,44,1,0.9300133307941344,0.3671875,1.0,9767,735,122880,45120,30,30
pagerank,4096,44,2,0.995731360273193,0.42367788461538464,1.0,3499,15,106496,45120,26,26
pagerank,64,42,0,,,,0,0,0,0,0,0
pagerank,64,42,1,0.9306799962274828,0.4895833333333333,1.0,9868,735,92160,45120,1440,1440
pagerank,64,42,2,0.995942656207736,0.544822256568779,1.0,3682,15,82816,45120,1294,1294
pagerank,64,43,0,,,,0,0,0,0,0,0
pagerank,64,43,1,0.9342458400429415,0.4895833333333333,1.0,10443,735,92160,45120,1440,1440
pagerank,64,43,2,0.996408905913335,0.5180014695077149,1.0,4162,15,87104,45120,1361,1361
pagerank,64,44,0,,,,0,0,0,0,0,0
pagerank,64,44,1,0.9300133307941344,0.4895833333333333,1.0,9767,735,92160,45120,1440,1440
pagerank,64,44,2,0.995731360273193,0.5671761866452132,1.0,3499,15,79552,45120,1243,1243
simpleconvolution,1024,42,0,,,,0,0,0,0,0,0
simpleconvolution,1024,42,1,,,,0,0,0,0,0,0
simpleconvolution,1024,42,2,0.6286342347119124,0.4978359564164649,1.0,56909,33619,4229120,2105408,4130,4130
simpleconvolution,1024,43,0,,,,0,0,0,0,0,0
simpleconvolution,1024,43,1,,,,0,0,0,0,0,0
simpleconvolution,1024,43,2,0.6286342347119124,0.4978359564164649,1.0,56909,33619,4229120,2105408,4130,4130
simpleconvolution,1024,44,0,,,,0,0,0,0,0,0
simpleconvolution,1024,44,1,,,,0,0,0,0,0,0
simpleconvolution,1024,44,2,0.6286342347119124,0.4978359564164649,1.0,56909,33619,4229120,2105408,4130,4130
simpleconvolution,16384,42,0,,,,0,0,0,0,0,0
simpleconvolution,16384,42,1,,,,0,0,0,0,0,0
simpleconvolution,16384,42,2,0.6286342347119124,0.4867572206439394,1.0,56909,33619,4325376,2105408,264,264
simpleconvolution,16384,43,0,,,,0,0,0,0,0,0
simpleconvolution,16384,43,1,,,,0,0,0,0,0,0
simpleconvolution,16384,43,2,0.6286342347119124,0.4867572206439394,1.0,56909,33619,4325376,2105408,264,264
simpleconvolution,16384,44,0,,,,0,0,0,0,0,0
simpleconvolution,16384,44,1,,,,0,0,0,0,0,0
simpleconvolution,16384,44,2,0.6286342347119124,0.4867572206439394,1.0,56909,33619,4325376,2105408,264,264
simpleconvolution,256,42,0,,,,0,0,0,0,0,0
simpleconvolution,256,42,1,,,,0,0,0,0,0,0
simpleconvolution,256,42,2,0.6286342347119124,0.49934729811778994,1.0,56909,33619,4216320,2105408,16470,16470
simpleconvolution,256,43,0,,,,0,0,0,0,0,0
simpleconvolution,256,43,1,,,,0,0,0,0,0,0
simpleconvolution,256,43,2,0.6286342347119124,0.49934729811778994,1.0,56909,33619,4216320,2105408,16470,16470
simpleconvolution,256,44,0,,,,0,0,0,0,0,0
simpleconvolution,256,44,1,,,,0,0,0,0,0,0
simpleconvolution,256,44,2,0.6286342347119124,0.49934729811778994,1.0,56909,33619,4216320,2105408,16470,16470
simpleconvolution,4096,42,0,,,,0,0,0,0,0,0
simpleconvolution,4096,42,1,,,,0,0,0,0,0,0
simpleconvolution,4096,42,2,0.6286342347119124,0.4914107313575526,1.0,56909,33619,4284416,2105408,1046,1046
simpleconvolution,4096,43,0,,,,0,0,0,0,0,0
simpleconvolution,4096,43,1,,,,0,0,0,0,0,0
simpleconvolution,4096,43,2,0.6286342347119124,0.4914107313575526,1.0,56909,33619,4284416,2105408,1046,1046
simpleconvolution,4096,44,0,,,,0,0,0,0,0,0
simpleconvolution,4096,44,1,,,,0,0,0,0,0,0
simpleconvolution,4096,44,2,0.6286342347119124,0.4914107313575526,1.0,56909,33619,4284416,2105408,1046,1046
simpleconvolution,64,42,0,,,,0,0,0,0,0,0
simpleconvolution,64,42,1,,,,0,0,0,0,0,0
simpleconvolution,64,42,2,0.6286342347119124,0.4996658464716425,1.0,56909,33619,4213632,2105408,65838,65838
simpleconvolution,64,43,0,,,,0,0,0,0,0,0
simpleconvolution,64,43,1,,,,0,0,0,0,0,0
simpleconvolution,64,43,2,0.6286342347119124,0.4996658464716425,1.0,56909,33619,4213632,2105408,65838,65838
simpleconvolution,64,44,0,,,,0,0,0,0,0,0
simpleconvolution,64,44,1,,,,0,0,0,0,0,0
simpleconvolution,64,44,2,0.6286342347119124,0.4996658464716425,1.0,56909,33619,4213632,2105408,65838,65838
stencil2d,1024,42,0,,,,0,0,0,0,0,0
stencil2d,1024,42,1,0.22847666085609142,0.48394118363370675,1.0,9437,31867,4204544,2034752,4106,4106
stencil2d,1024,42,2,,,,0,0,0,0,0,0
stencil2d,1024,43,0,,,,0,0,0,0,0,0
stencil2d,1024,43,1,0.22847666085609142,0.48394118363370675,1.0,9437,31867,4204544,2034752,4106,4106
stencil2d,1024,43,2,,,,0,0,0,0,0,0
stencil2d,1024,44,0,,,,0,0,0,0,0,0
stencil2d,1024,44,1,0.22847666085609142,0.48394118363370675,1.0,9437,31867,4204544,2034752,4106,4106
stencil2d,1024,44,2,,,,0,0,0,0,0,0
stencil2d,16384,42,0,,,,0,0,0,0,0,0
stencil2d,16384,42,1,0.22847666085609142,0.47765925480769234,1.0,9437,31867,4259840,2034752,260,260
stencil2d,16384,42,2,,,,0,0,0,0,0,0
stencil2d,16384,43,0,,,,0,0,0,0,0,0
stencil2d,16384,43,1,0.22847666085609142,0.47765925480769234,1.0,9437,31867,4259840,2034752,260,260
stencil2d,16384,43,2,,,,0,0,0,0,0,0
stencil2d,16384,44,0,,,,0,0,0,0,0,0
stencil2d,16384,44,1,0.22847666085609142,0.47765925480769234,1.0,9437,31867,4259840,2034752,260,260
stencil2d,16384,44,2,,,,0,0,0,0,0,0
stencil2d,256,42,0,,,,0,0,0,0,0,0
stencil2d,256,42,1,0.22847666085609142,0.484295028028272,1.0,9437,31867,4201472,2034752,16412,16412
stencil2d,256,42,2,,,,0,0,0,0,0,0
stencil2d,256,43,0,,,,0,0,0,0,0,0
stencil2d,256,43,1,0.22847666085609142,0.484295028028272,1.0,9437,31867,4201472,2034752,16412,16412
stencil2d,256,43,2,,,,0,0,0,0,0,0
stencil2d,256,44,0,,,,0,0,0,0,0,0
stencil2d,256,44,1,0.22847666085609142,0.484295028028272,1.0,9437,31867,4201472,2034752,16412,16412
stencil2d,256,44,2,,,,0,0,0,0,0,0
stencil2d,4096,42,0,,,,0,0,0,0,0,0
stencil2d,4096,42,1,0.22847666085609142,0.4822967233009709,1.0,9437,31867,4218880,2034752,1030,1030
stencil2d,4096,42,2,,,,0,0,0,0,0,0
stencil2d,4096,43,0,,,,0,0,0,0,0,0
stencil2d,4096,43,1,0.22847666085609142,0.4822967233009709,1.0,9437,31867,4218880,2034752,1030,1030
stencil2d,4096,43,2,,,,0,0,0,0,0,0
stencil2d,4096,44,0,,,,0,0,0,0,0,0
stencil2d,4096,44,1,0.22847666085609142,0.4822967233009709,1.0,9437,31867,4218880,2034752,1030,1030
stencil2d,4096,44,2,,,,0,0,0,0,0,0
stencil2d,64,42,0,,,,0,0,0,0,0,0
stencil2d,64,42,1,0.22847666085609142,0.4994737090160715,1.0,9437,31867,4073792,2034752,63653,63653
stencil2d,64,42,2,,,,0,0,0,0,0,0
stencil2d,64,43,0,,,,0,0,0,0,0,0
stencil2d,64,43,1,0.22847666085609142,0.4994737090160715,1.0,9437,31867,4073792,2034752,63653,63653
stencil2d,64,43,2,,,,0,0,0,0,0,0
stencil2d,64,44,0,,,,0,0,0,0,0,0
stencil2d,64,44,1,0.22847666085609142,0.4994737090160715,1.0,9437,31867,4073792,2034752,63653,63653
stencil2d,64,44,2,,,,0,0,0,0,0,0
